{
    "$schema": "https://schema.management.azure.com/schemas/2015-01-01/deploymentParameters.json#",
    "contentVersion": "1.0.0.0",
    "parameters": {
        "databaseName": {
            "value": "Weatherly_db_Copy"
        },
        "serverName": {
            "value": "weatherlydbserver"
        },
        "location": {
            "value": "eastus"
        },
        "createMode": {
            "value": "Copy"
        },
        "sourceDatabaseId": {
            "value": "/subscriptions/7248a8b5-f3a2-40ee-8d6b-7b7471ba83cc/resourceGroups/WeatherlyResourceGroup/providers/Microsoft.Sql/servers/weatherlydbserver/databases/Weatherly_db"
        },
        "skuName": {
            "value": "GP_S_Gen5_1"
        },
        "tier": {
            "value": "GeneralPurpose"
        },
        "zoneRedundant": {
            "value": false
        },
        "licenseType": {
            "value": ""
        },
        "readScaleOut": {
            "value": "Disabled"
        },
        "numberOfReplicas": {
            "value": 0
        },
        "minCapacity": {
            "value": "0.5"
        },
        "autoPauseDelay": {
            "value": 15
        },
        "requestedBackupStorageRedundancy": {
            "value": "Local"
        },
        "databaseIdentity": {
            "value": {
                "type": "None"
            }
        },
        "databaseFederatedClientId": {
            "value": ""
        }
    }
}