{
    "$schema": "http://schema.management.azure.com/schemas/2014-04-01-preview/deploymentTemplate.json#",
    "contentVersion": "1.0.0.0",
    "parameters": {
        "databaseName": {
            "type": "string"
        },
        "serverName": {
            "type": "string"
        },
        "location": {
            "type": "string"
        },
        "createMode": {
            "type": "string"
        },
        "sourceDatabaseId": {
            "type": "string"
        },
        "skuName": {
            "type": "string"
        },
        "tier": {
            "type": "string"
        },
        "zoneRedundant": {
            "type": "bool",
            "defaultValue": false
        },
        "licenseType": {
            "type": "string",
            "defaultValue": ""
        },
        "readScaleOut": {
            "type": "string",
            "defaultValue": "Disabled"
        },
        "numberOfReplicas": {
            "type": "int",
            "defaultValue": 0
        },
        "minCapacity": {
            "type": "string",
            "defaultValue": ""
        },
        "autoPauseDelay": {
            "type": "int",
            "defaultValue": 0
        },
        "requestedBackupStorageRedundancy": {
            "type": "string",
            "defaultValue": ""
        },
        "maintenanceConfigurationId": {
            "type": "string",
            "defaultValue": ""
        },
        "secondaryType": {
            "type": "string",
            "defaultValue": ""
        },
        "databaseIdentity": {
            "type": "object",
            "defaultValue": {}
        },
        "databaseFederatedClientId": {
            "type": "string",
            "defaultValue": ""
        }
    },
    "resources": [
        {
            "apiVersion": "2022-08-01-preview",
            "location": "[parameters('location')]",
            "name": "[concat(parameters('serverName'), '/', parameters('databaseName'))]",
            "properties": {
                "createMode": "[parameters('createMode')]",
                "secondaryType": "[parameters('secondaryType')]",
                "sourceDatabaseId": "[parameters('sourceDatabaseId')]",
                "zoneRedundant": "[parameters('zoneRedundant')]",
                "licenseType": "[parameters('licenseType')]",
                "readScale": "[parameters('readScaleOut')]",
                "highAvailabilityReplicaCount": "[parameters('numberOfReplicas')]",
                "minCapacity": "[parameters('minCapacity')]",
                "autoPauseDelay": "[parameters('autoPauseDelay')]",
                "requestedBackupStorageRedundancy": "[parameters('requestedBackupStorageRedundancy')]",
                "federatedClientId": "[parameters('databaseFederatedClientId')]"
            },
            "sku": {
                "name": "[parameters('skuName')]",
                "tier": "[parameters('tier')]"
            },
            "type": "Microsoft.Sql/servers/databases",
            "identity": "[parameters('databaseIdentity')]"
        }
    ]
}